id,generated
0000aaaa,0.795607725646261
1111bbbb,0.7956077089757739
2222cccc,0.7956077089757739
